T_statistic,P_value
-1.9952059116697272,0.09111203469986963
